<addon id="plugin.video.balkanteka" version="1.0.0" name="[B][COLOR deepskyblue]Balkan Dzo[/B] [COLOR white][I]Balkanteka[/I][/COLOR]" provider-name="[B][COLOR deepskyblue]Dzon Dzoe[/B][/COLOR]">
    <extension point="xbmc.python.pluginsource" library="balkanteka.py">
        <provides>video</provides>
    </extension>
    <extension point="xbmc.addon.metadata">
        <summary>[B][COLOR deepskyblue]Balkanteka Video Addon By[/B] [B][COLOR deepskyblue]Dzon Dzoe[/B][/COLOR]</summary>
        <description lang="en">[B][COLOR deepskyblue]Balkanteka Video Addon By[/B] [B][COLOR deepskyblue]Dzon Dzoe[/B][/COLOR]</description>
        <platform>all</platform>
        <language>en</language>
        <license>GPLv2</license>
		<assets>
        <icon>logo.png</icon>
        </assets>
    </extension>
</addon>
