<?xml version="1.0" encoding="UTF-8" standalone="yes"?>
<addon id="plugin.video.bdzostalker" version="1.0.0" name="[B][COLOR deepskyblue]BD[/B] [COLOR white][I]Stalker[/I][/COLOR]" provider-name="Dzon Dzoe">
    <requires>
        <import addon="xbmc.python" version="3.0.0"/>
		<import addon="script.module.requests" version="2.31.0"/>
    </requires>
    <extension point="xbmc.python.pluginsource" library="default.py">
        <provides>video</provides>
    </extension>
    <extension point="xbmc.addon.metadata">
        <summary lang="en">[B][COLOR deepskyblue]BD[/B] [COLOR white][I]Stalker[/I][/COLOR]</summary>
        <description lang="en">Selects MAC address from remote JSON and connects to Stalker portal</description>
        <platform>all</platform>
        <author>Dzon Dzoe</author>
		<assets>
    <icon>logo.png</icon>
    </assets>
    </extension>
</addon>
