<sources>
    <programs>
        <default pathversion="1"></default>
    </programs>
    <video>
        <default pathversion="1"></default>
    </video>
    <music>
        <default pathversion="1"></default>
    </music>
    <pictures>
        <default pathversion="1"></default>
    </pictures>
    <files>
        <default pathversion="1"></default>
        <source>
            <name>Vavoo</name>
            <path pathversion="1">https://michaz1988.github.io/repo/</path>
            <allowsharing>true</allowsharing>
        </source>
        <source>
            <name>balkandzo</name>
            <path pathversion="1">https://balkandzo.github.io/balkandzo/</path>
            <allowsharing>true</allowsharing>
        </source>
        <source>
            <name>dexe</name>
            <path pathversion="1">https://dexe.win/kodi/</path>
            <allowsharing>true</allowsharing>
        </source>
        <source>
            <name>bugatshinho</name>
            <path pathversion="1">https://bugatsinho.github.io/repo/</path>
            <allowsharing>true</allowsharing>
        </source>
        <source>
            <name>the crew</name>
            <path pathversion="1">https://team-crew.github.io/</path>
            <allowsharing>true</allowsharing>
        </source>
        <source>
            <name>jewrepo</name>
            <path pathversion="1">https://jewbmx.github.io/</path>
            <allowsharing>true</allowsharing>
        </source>
        <source>
            <name>cocoscrapers</name>
            <path pathversion="1">https://cocojoe2411.github.io/</path>
            <allowsharing>true</allowsharing>
        </source>
        <source>
            <name>fen</name>
            <path pathversion="1">https://tikipeter.github.io/packages/</path>
            <allowsharing>true</allowsharing>
        </source>
        <source>
            <name>resolveurl</name>
            <path pathversion="1">https://gujal00.github.io/</path>
            <allowsharing>true</allowsharing>
        </source>
        <source>
            <name>loop19</name>
            <path pathversion="1">https://loopaddon.uk/loop19/</path>
            <allowsharing>true</allowsharing>
        </source>
        <source>
            <name>apex</name>
            <path pathversion="1">https://arxtic-ape.github.io/</path>
            <allowsharing>true</allowsharing>
        </source>
        <source>
            <name>magnetic</name>
            <path pathversion="1">https://magnetic.website/repo/</path>
            <allowsharing>true</allowsharing>
        </source>
    </files>
    <games>
        <default pathversion="1"></default>
    </games>
</sources>
