{"copyright":"MET Norway","licenseURL":"https://api.met.no/license_data.html","type":"Feature","geometry":{"type":"Point","coordinates":[18.3,42.7]},"when":{"interval":["2025-09-19T22:46:00Z","2025-09-20T22:46:00Z"]},"properties":{"body":"Moon","moonrise":{"time":"2025-09-20T02:53+00:00","azimuth":76.99},"moonset":{"time":"2025-09-20T16:14+00:00","azimuth":278.54},"high_moon":{"time":"2025-09-20T09:40+00:00","disc_centre_elevation":54.7,"visible":true},"low_moon":{"time":"2025-09-20T22:01+00:00","disc_centre_elevation":-43.08,"visible":false},"moonphase":338.28}}