<?xml version="1.0" encoding="UTF-8" standalone="yes"?>
<addon id="plugin.program.balkandzowizard" name="[B][COLOR deepskyblue]BD[/B] [COLOR white][I]Wizard[/I][/COLOR]" version="1.0.0" provider-name="Magnetic, Slam, Sarge, Funsterbe, BYB,Dzon Dzoe">
	<requires>
		<import addon="xbmc.python" version="3.0.0"/>
		<import addon="script.module.requests" optional="true" />
	</requires>
	<extension point="xbmc.python.pluginsource" library="addon.py">
		<provides>executable</provides>
	</extension>
	<extension point="xbmc.service" library="service.py" />
	<extension point="xbmc.addon.metadata">
		<summary lang="en_GB">Balkan Dzo Wizard za instalaciju Balkan Dzo Build-a</summary>
		<description lang="en_GB">Balkan Dzo Wizard za instalaciju Balkan Dzo Build-a</description>
		<disclaimer lang="en_GB">Balkan Dzo - Dzon Dzoe</disclaimer>
		<language>en</language>
		<platform>all</platform>
		<license>GPL-2.0-or-later</license>
		<forum></forum>
		<website></website> 
		<email></email>
		<source></source>
		<news>3.0.2 - Added speedtest. Bugfixes. 3.0.0 - Added backup/restore functionality for trakt/debrid accounts. Updated debrid/trakt authorization section. Restore of gui/skin settings has been added. Updated Advancedsettings configs. Updated wizard artwork. Added user edited color options for menus. Fixed wizard writing over itself during build installs. Edited fresh start to keep wizard/dependencies. Removed double ok dialog during build installs. Numerous other small fixes throughout.
		</news>
		<assets>
				<icon>resources/icon.png</icon>
				<fanart>resources/fanart.jpg</fanart>
				<banner></banner>
				<clearlogo></clearlogo>
				<screenshot></screenshot>
		</assets>
	</extension>
</addon>