{
    "title": "A Minecraft Movie",
    "plot": "A Minecraft Movie",
    "thumb": "https:\/\/m.media-amazon.com\/images\/M\/MV5BYzFjMzNjOTktNDBlNy00YWZhLWExYTctZDcxNDA4OWVhOTJjXkEyXkFqcGc@._V1_FMjpg_UX1000_.jpg",
    "type": "crtani-filmovi",
    "created_at": "2025-05-24 08:15:48",
    "year": 2025,
    "link_groups": {
        "glavni": "https:\/\/www.file-upload.org\/ed3vgquu434n",
        "alternativni_1": "https:\/\/www.file-upload.org\/ed3vgquu434n",
        "alternativni_2": "https:\/\/www.file-upload.org\/ed3vgquu434n"
    }
}