{
    "title": "Ant-Man",
    "plot": "Ant-Man Kolekcija",
    "thumb": "https:\/\/m.media-amazon.com\/images\/I\/81Vr5TmP7mL._AC_UF1000,1000_QL80_.jpg",
    "type": "kolekcije",
    "created_at": "2025-05-24 08:14:04",
    "movies": [
        {
            "title": "Ant-Man",
            "year": 2015,
            "plot": "Ant-Man 1",
            "thumb": "https:\/\/m.media-amazon.com\/images\/M\/MV5BMjM2NTQ5Mzc2M15BMl5BanBnXkFtZTgwNTcxMDI2NTE@._V1_FMjpg_UX1000_.jpg",
            "link_groups": {
                "glavni": "https:\/\/www.file-upload.org\/oenm5vd9goa6",
                "alternativni_1": "https:\/\/www.file-upload.org\/oenm5vd9goa6",
                "alternativni_2": "https:\/\/www.file-upload.org\/oenm5vd9goa6"
            }
        },
        {
            "title": "Ant-Man and the Wasp",
            "year": 2018,
            "plot": "Ant-Man and the Wasp",
            "thumb": "https:\/\/m.media-amazon.com\/images\/M\/MV5BODVkY2ZmZTAtYzFhMi00YzZlLWE2YWMtMDBiYjY2OTU4ZWM0XkEyXkFqcGc@._V1_FMjpg_UX1000_.jpg",
            "link_groups": {
                "glavni": "https:\/\/www.file-upload.org\/23bvep2hh1n0",
                "alternativni_1": "https:\/\/www.file-upload.org\/23bvep2hh1n0",
                "alternativni_2": "https:\/\/www.file-upload.org\/23bvep2hh1n0"
            }
        },
        {
            "title": "Ant-Man and the Wasp: Quantumania",
            "year": 2023,
            "plot": "Ant-Man and the Wasp: Quantumania",
            "thumb": "https:\/\/m.media-amazon.com\/images\/M\/MV5BNGYzNWFjZjAtODBmZS00OGViLWFlZDMtYWZiZDgwMTFhYTVlXkEyXkFqcGc@._V1_.jpg",
            "link_groups": {
                "glavni": "https:\/\/www.file-upload.org\/nh7t37hf7b2y",
                "alternativni_1": "https:\/\/www.file-upload.org\/nh7t37hf7b2y",
                "alternativni_2": "https:\/\/www.file-upload.org\/nh7t37hf7b2y"
            }
        }
    ],
    "last_updated": "2025-05-24 09:10:28"
}