{
    "title": "12 reci",
    "plot": "dawdawdawdawdawddddd",
    "thumb": "https:\/\/superstartv.rs\/wp-content\/uploads\/2020\/11\/trejler-cf.jpg",
    "type": "serije",
    "created_at": "2025-05-24 11:30:59",
    "seasons": {
        "1": {
            "title": "Sezona 1",
            "episodes": [
                {
                    "episode_number": 1,
                    "title": "Epizoda 1",
                    "link_groups": {
                        "glavni": [
                            "https:\/\/www.file-upload.org\/k74k9aho4idg"
                        ],
                        "alternativni_1": [
                            "https:\/\/www.file-upload.org\/k74k9aho4idg"
                        ],
                        "alternativni_2": [
                            "https:\/\/www.file-upload.org\/k74k9aho4idg"
                        ]
                    }
                },
                {
                    "episode_number": 2,
                    "title": "Epizoda 2",
                    "link_groups": {
                        "glavni": [
                            "https:\/\/www.file-upload.org\/k1aoxkzxnjmx"
                        ],
                        "alternativni_1": [
                            "https:\/\/www.file-upload.org\/k1aoxkzxnjmx"
                        ],
                        "alternativni_2": [
                            "https:\/\/www.file-upload.org\/k1aoxkzxnjmx"
                        ]
                    }
                },
                {
                    "episode_number": 3,
                    "title": "Epizoda 3",
                    "link_groups": {
                        "glavni": [
                            "https:\/\/www.file-upload.org\/c01ugp0wc80u"
                        ],
                        "alternativni_1": [
                            "https:\/\/www.file-upload.org\/c01ugp0wc80u"
                        ],
                        "alternativni_2": [
                            "https:\/\/www.file-upload.org\/c01ugp0wc80u"
                        ]
                    }
                },
                {
                    "episode_number": 4,
                    "title": "Epizoda 4",
                    "link_groups": {
                        "glavni": [
                            "https:\/\/www.file-upload.org\/t1xdutslrors"
                        ],
                        "alternativni_1": [
                            "https:\/\/www.file-upload.org\/t1xdutslrors"
                        ],
                        "alternativni_2": [
                            "https:\/\/www.file-upload.org\/t1xdutslrors"
                        ]
                    }
                },
                {
                    "episode_number": 5,
                    "title": "Epizoda 5",
                    "link_groups": {
                        "glavni": [
                            "https:\/\/www.file-upload.org\/km134u5osdsv"
                        ],
                        "alternativni_1": [
                            "https:\/\/www.file-upload.org\/km134u5osdsv"
                        ],
                        "alternativni_2": [
                            "https:\/\/www.file-upload.org\/km134u5osdsv"
                        ]
                    }
                },
                {
                    "episode_number": 6,
                    "title": "Epizoda 6",
                    "link_groups": {
                        "glavni": [
                            "https:\/\/www.file-upload.org\/kb6cqujl643u"
                        ],
                        "alternativni_1": [
                            "https:\/\/www.file-upload.org\/kb6cqujl643u"
                        ],
                        "alternativni_2": [
                            "https:\/\/www.file-upload.org\/kb6cqujl643u"
                        ]
                    }
                },
                {
                    "episode_number": 7,
                    "title": "Epizoda 7",
                    "link_groups": {
                        "glavni": [
                            "https:\/\/www.file-upload.org\/h6mthqwjjp8m"
                        ],
                        "alternativni_1": [
                            "https:\/\/www.file-upload.org\/h6mthqwjjp8m"
                        ],
                        "alternativni_2": [
                            "https:\/\/www.file-upload.org\/h6mthqwjjp8m"
                        ]
                    }
                },
                {
                    "episode_number": 8,
                    "title": "Epizoda 8",
                    "link_groups": {
                        "glavni": [
                            "https:\/\/www.file-upload.org\/gef21xa1oiqp"
                        ],
                        "alternativni_1": [
                            "https:\/\/www.file-upload.org\/gef21xa1oiqp"
                        ],
                        "alternativni_2": [
                            "https:\/\/www.file-upload.org\/gef21xa1oiqp"
                        ]
                    }
                },
                {
                    "episode_number": 9,
                    "title": "Epizoda 9",
                    "link_groups": {
                        "glavni": [
                            "https:\/\/www.file-upload.org\/dtqs25z3clnh"
                        ],
                        "alternativni_1": [
                            "https:\/\/www.file-upload.org\/dtqs25z3clnh"
                        ],
                        "alternativni_2": [
                            "https:\/\/www.file-upload.org\/dtqs25z3clnh"
                        ]
                    }
                },
                {
                    "episode_number": 10,
                    "title": "Epizoda 10",
                    "link_groups": {
                        "glavni": [
                            "https:\/\/www.file-upload.org\/u7dgpf28x919"
                        ],
                        "alternativni_1": [
                            "https:\/\/www.file-upload.org\/u7dgpf28x919"
                        ],
                        "alternativni_2": [
                            "https:\/\/www.file-upload.org\/u7dgpf28x919"
                        ]
                    }
                },
                {
                    "episode_number": 11,
                    "title": "Epizoda 11",
                    "link_groups": {
                        "glavni": [
                            "https:\/\/www.file-upload.org\/5lfyukt8qo5h"
                        ],
                        "alternativni_1": [
                            "https:\/\/www.file-upload.org\/5lfyukt8qo5h"
                        ],
                        "alternativni_2": [
                            "https:\/\/www.file-upload.org\/5lfyukt8qo5h"
                        ]
                    }
                },
                {
                    "episode_number": 12,
                    "title": "Epizoda 12",
                    "link_groups": {
                        "glavni": [
                            "https:\/\/www.file-upload.org\/0gj982xdfu1e"
                        ],
                        "alternativni_1": [
                            "https:\/\/www.file-upload.org\/0gj982xdfu1e"
                        ],
                        "alternativni_2": [
                            "https:\/\/www.file-upload.org\/0gj982xdfu1e"
                        ]
                    }
                }
            ]
        },
        "2": {
            "title": "Sezona 2",
            "episodes": [
                {
                    "episode_number": 1,
                    "title": "Epizoda 1",
                    "link_groups": {
                        "glavni": [
                            "https:\/\/www.file-upload.org\/k74k9aho4idg"
                        ],
                        "alternativni_1": [
                            "https:\/\/www.file-upload.org\/k74k9aho4idg"
                        ],
                        "alternativni_2": [
                            "https:\/\/www.file-upload.org\/k74k9aho4idg"
                        ]
                    }
                },
                {
                    "episode_number": 2,
                    "title": "Epizoda 2",
                    "link_groups": {
                        "glavni": [
                            "https:\/\/www.file-upload.org\/k1aoxkzxnjmx"
                        ],
                        "alternativni_1": [
                            "https:\/\/www.file-upload.org\/k1aoxkzxnjmx"
                        ],
                        "alternativni_2": [
                            "https:\/\/www.file-upload.org\/k1aoxkzxnjmx"
                        ]
                    }
                },
                {
                    "episode_number": 3,
                    "title": "Epizoda 3",
                    "link_groups": {
                        "glavni": [
                            "https:\/\/www.file-upload.org\/c01ugp0wc80u"
                        ],
                        "alternativni_1": [
                            "https:\/\/www.file-upload.org\/c01ugp0wc80u"
                        ],
                        "alternativni_2": [
                            "https:\/\/www.file-upload.org\/c01ugp0wc80u"
                        ]
                    }
                },
                {
                    "episode_number": 4,
                    "title": "Epizoda 4",
                    "link_groups": {
                        "glavni": [
                            "https:\/\/www.file-upload.org\/t1xdutslrors"
                        ],
                        "alternativni_1": [
                            "https:\/\/www.file-upload.org\/t1xdutslrors"
                        ],
                        "alternativni_2": [
                            "https:\/\/www.file-upload.org\/t1xdutslrors"
                        ]
                    }
                },
                {
                    "episode_number": 5,
                    "title": "Epizoda 5",
                    "link_groups": {
                        "glavni": [
                            "https:\/\/www.file-upload.org\/km134u5osdsv"
                        ],
                        "alternativni_1": [
                            "https:\/\/www.file-upload.org\/km134u5osdsv"
                        ],
                        "alternativni_2": [
                            "https:\/\/www.file-upload.org\/km134u5osdsv"
                        ]
                    }
                },
                {
                    "episode_number": 6,
                    "title": "Epizoda 6",
                    "link_groups": {
                        "glavni": [
                            "https:\/\/www.file-upload.org\/kb6cqujl643u"
                        ],
                        "alternativni_1": [
                            "https:\/\/www.file-upload.org\/kb6cqujl643u"
                        ],
                        "alternativni_2": [
                            "https:\/\/www.file-upload.org\/kb6cqujl643u"
                        ]
                    }
                },
                {
                    "episode_number": 7,
                    "title": "Epizoda 7",
                    "link_groups": {
                        "glavni": [
                            "https:\/\/www.file-upload.org\/h6mthqwjjp8m"
                        ],
                        "alternativni_1": [
                            "https:\/\/www.file-upload.org\/h6mthqwjjp8m"
                        ],
                        "alternativni_2": [
                            "https:\/\/www.file-upload.org\/h6mthqwjjp8m"
                        ]
                    }
                },
                {
                    "episode_number": 8,
                    "title": "Epizoda 8",
                    "link_groups": {
                        "glavni": [
                            "https:\/\/www.file-upload.org\/gef21xa1oiqp"
                        ],
                        "alternativni_1": [
                            "https:\/\/www.file-upload.org\/gef21xa1oiqp"
                        ],
                        "alternativni_2": [
                            "https:\/\/www.file-upload.org\/gef21xa1oiqp"
                        ]
                    }
                },
                {
                    "episode_number": 9,
                    "title": "Epizoda 9",
                    "link_groups": {
                        "glavni": [
                            "https:\/\/www.file-upload.org\/dtqs25z3clnh"
                        ],
                        "alternativni_1": [
                            "https:\/\/www.file-upload.org\/dtqs25z3clnh"
                        ],
                        "alternativni_2": [
                            "https:\/\/www.file-upload.org\/dtqs25z3clnh"
                        ]
                    }
                },
                {
                    "episode_number": 10,
                    "title": "Epizoda 10",
                    "link_groups": {
                        "glavni": [
                            "https:\/\/www.file-upload.org\/u7dgpf28x919"
                        ],
                        "alternativni_1": [
                            "https:\/\/www.file-upload.org\/u7dgpf28x919"
                        ],
                        "alternativni_2": [
                            "https:\/\/www.file-upload.org\/u7dgpf28x919"
                        ]
                    }
                },
                {
                    "episode_number": 11,
                    "title": "Epizoda 11",
                    "link_groups": {
                        "glavni": [
                            "https:\/\/www.file-upload.org\/5lfyukt8qo5h"
                        ],
                        "alternativni_1": [
                            "https:\/\/www.file-upload.org\/5lfyukt8qo5h"
                        ],
                        "alternativni_2": [
                            "https:\/\/www.file-upload.org\/5lfyukt8qo5h"
                        ]
                    }
                },
                {
                    "episode_number": 12,
                    "title": "Epizoda 12",
                    "link_groups": {
                        "glavni": [
                            "https:\/\/www.file-upload.org\/0gj982xdfu1e"
                        ],
                        "alternativni_1": [
                            "https:\/\/www.file-upload.org\/0gj982xdfu1e"
                        ],
                        "alternativni_2": [
                            "https:\/\/www.file-upload.org\/0gj982xdfu1e"
                        ]
                    }
                }
            ]
        },
        "3": {
            "title": "Sezona 3",
            "episodes": [
                {
                    "episode_number": 1,
                    "title": "Epizoda 1",
                    "link_groups": {
                        "glavni": [
                            "https:\/\/www.file-upload.org\/k74k9aho4idg"
                        ],
                        "alternativni_1": [
                            "https:\/\/www.file-upload.org\/k74k9aho4idg"
                        ],
                        "alternativni_2": [
                            "https:\/\/www.file-upload.org\/k74k9aho4idg"
                        ]
                    }
                },
                {
                    "episode_number": 2,
                    "title": "Epizoda 2",
                    "link_groups": {
                        "glavni": [
                            "https:\/\/www.file-upload.org\/k1aoxkzxnjmx"
                        ],
                        "alternativni_1": [
                            "https:\/\/www.file-upload.org\/k1aoxkzxnjmx"
                        ],
                        "alternativni_2": [
                            "https:\/\/www.file-upload.org\/k1aoxkzxnjmx"
                        ]
                    }
                },
                {
                    "episode_number": 3,
                    "title": "Epizoda 3",
                    "link_groups": {
                        "glavni": [
                            "https:\/\/www.file-upload.org\/c01ugp0wc80u"
                        ],
                        "alternativni_1": [
                            "https:\/\/www.file-upload.org\/c01ugp0wc80u"
                        ],
                        "alternativni_2": [
                            "https:\/\/www.file-upload.org\/c01ugp0wc80u"
                        ]
                    }
                }
            ]
        },
        "4": {
            "title": "Sezona 4",
            "episodes": [
                {
                    "episode_number": 1,
                    "title": "Epizoda 1",
                    "link_groups": {
                        "glavni": [
                            "https:\/\/www.file-upload.org\/k1aoxkzxnjmx"
                        ],
                        "alternativni_1": [
                            "https:\/\/www.file-upload.org\/k1aoxkzxnjmx"
                        ],
                        "alternativni_2": [
                            "https:\/\/www.file-upload.org\/k1aoxkzxnjmx"
                        ]
                    }
                },
                {
                    "episode_number": 2,
                    "title": "Epizoda 2",
                    "link_groups": {
                        "glavni": [
                            "https:\/\/www.file-upload.org\/c01ugp0wc80u"
                        ],
                        "alternativni_1": [
                            "https:\/\/www.file-upload.org\/c01ugp0wc80u"
                        ],
                        "alternativni_2": [
                            "https:\/\/www.file-upload.org\/c01ugp0wc80u"
                        ]
                    }
                }
            ]
        }
    },
    "last_updated": "2025-05-24 12:59:22",
    "is_ongoing": true,
    "year_info": 2021
}