<?xml version="1.0" encoding="UTF-8"?>
<addon id="plugin.video.balkanteka2" name="[B][COLOR deepskyblue]BD[/B] [COLOR white][I]Balkanteka 2[/I][/COLOR]" version="2.0.0" provider-name="Dzon Dzoe">
  <requires>
    <import addon="xbmc.python" version="3.0.0"/>
    <import addon="script.module.requests" version="2.22.0"/>
	<import addon="script.module.resolveurl" version="5.1.0"/>
  </requires>
  <extension point="xbmc.python.pluginsource" library="resources/lib/addon.py">
    <provides>video</provides>
  </extension>
  <extension point="xbmc.addon.metadata">
    <summary>Balkanteka 2 Video Addon</summary>
    <description>Balkanteka 2 Video Addon (Nasljednik Balkateka 1)</description>
    <platform>all</platform>
	<assets>
    <icon>logo.png</icon>
    </assets>
  </extension>
</addon>