<?xml version="1.0" encoding="UTF-8" standalone="yes"?>
<addon id="plugin.video.balkantvclient" name="[B][COLOR deepskyblue]BD[/B] [COLOR white][I]Balkan TV[/I][/COLOR]" version="3.0.0" provider-name="Dzon Dzoe">
  <requires>
    <import addon="xbmc.python" version="3.0.0"/>
    <import addon="script.module.requests" optional="true"/> </requires>
  <extension point="xbmc.python.pluginsource" library="BalkanTvClient.py">
    <provides>video</provides>
  </extension>
  <extension point="xbmc.addon.metadata">
    <summary lang="en_GB">Balkan TV Client</summary>
    <description lang="en_GB">Gledajte TV kanale EX-YU.</description>
    <disclaimer lang="en_GB"></disclaimer>
    <platform>all</platform>
    <license>GPL-2.0-or-later</license>
    <assets>
      <icon>icon.png</icon>
      </assets>
  </extension>
</addon>