<addon id="plugin.video.crtanianim" version="1.0.0" name="crtanianimplugin" provider-name="[B][COLOR deepskyblue]Dzon Dzoe[/B][/COLOR]">
    <requires>
        <import addon="script.module.resolveurl"/>
        <import addon="script.module.resolveurl.xxx"/>
        <import addon="script.module.six" version="0.0.1"/>
        <import addon="script.module.kodi-six" version="0.0.1"/>
    </requires>
	<extension point="xbmc.python.pluginsource" library="crtanianim.py">
        <provides>video</provides>
    </extension>
    <extension point="xbmc.addon.metadata">
        <summary>External Plugin</summary>
        <description lang="en">External Plugin</description>
        <platform>all</platform>
        <language>en</language>
        <license>GPLv2</license>
		<assets>
        <icon>logo.png</icon>
        </assets>
    </extension>
</addon>