<addon id="plugin.video.bdaddons" version="1.0.0" name="BD Addons" provider-name="Dzon Dzoe">
    <extension point="xbmc.python.pluginsource" library="bdaddons.py">
        <provides>video</provides>
    </extension>
    <extension point="xbmc.addon.metadata">
        <summary>BD Addons</summary>
        <description lang="en">BD Addons</description>
        <platform>all</platform>
        <language>en</language>
        <license>GPLv2</license>
		<assets>
        <icon>logo.png</icon>
        </assets>
    </extension>
</addon>
