<addon id="plugin.program.balkandzogen" version="1.0.0" name="balkandzogen" provider-name="Dzon Dzoe">
    <requires>
        <import addon="xbmc.python" version="3.0.0"/>
		<import addon="pvr.stalker"/>
    </requires>
	<extension point="xbmc.python.pluginsource" library="balkandzogen.py">
        <provides>executable</provides>
    </extension>
    <extension point="xbmc.addon.metadata">
        <summary>External Plugin</summary>
        <description lang="en">External Plugin</description>
        <platform>all</platform>
        <language>en</language>
        <license>GPLv2</license>
		<assets>
        <icon>logo.png</icon>
        </assets>
    </extension>
</addon>