﻿<?xml version="1.0" encoding="UTF-8" standalone="yes"?>
<addon id="resource.images.skinbackgrounds.xonfluence" name="Skin Backgrounds - Wall Square" version="1.0.1" provider-name="Orna Post, Benny Buchnik">
	<extension point="kodi.resource.images" compile="false" type="skinbackgrounds" />
	<requires>
		<import addon="kodi.resource" version="1.0.0"/>
	</requires>
	<extension point="xbmc.addon.metadata">
		<summary lang="en">Skin Backgrounds Pack - Wall Square Design</summary>
		<description lang="en">Skin Backgrounds Pack - Wall Square Design</description>
		<summary lang="he">חבילת רקעים - סגנון מרובע</summary>
		<description lang="he">חבילת רקעים - סגנון מרובע</description>
		<platform>all</platform>
	</extension>
</addon>
