<addon id="plugin.program.bdupdater" name="BD Addon Updater" version="1.0.0" provider-name="Dzon Dzoe">
    <requires>
        <import addon="xbmc.python" version="3.0.0"/>
    </requires>
    <extension point="xbmc.python.pluginsource" library="default.py">
        <provides>executable</provides>
    </extension>
    <extension point="xbmc.addon.metadata">
        <summary lang="en">BD Addon Installer/Updater</summary>
        <description lang="en">Installs and extracts addons from URL.</description>
        <platform>all</platform>
    </extension>
</addon>
