<?xml version="1.0" encoding="UTF-8" standalone="yes"?>
<addon id="script.program.bdtoolbox" name="[B][COLOR deepskyblue]BD[/B] [COLOR white][I]ToolBox[/I][/COLOR]" version="1.0.0" provider-name="Dzon Dzoe">
  <requires>
    <import addon="xbmc.python" version="3.0.0"/>
  </requires>
  <extension point="xbmc.python.pluginsource" library="addon.py">
    <provides>executable</provides>
  </extension>
  <extension point="xbmc.addon.metadata">
    <summary lang="en_GB">Set alata za održavanje i optimizaciju Kodi-ja.</summary>
    <description lang="en_GB">BD Toolbox pruža alate za upravljanje dodacima (addon-ima), čišćenje keš memorije, testiranje brzine i optimizaciju performansi sistema za najbolje Kodi iskustvo.</description>
    <platform>all</platform>
    <license>GPL-2.0-or-later</license>
    <assets>
      <icon>toolbox.png</icon>
    </assets>
  </extension>
</addon>