<addon id="plugin.video.balkanclient" version="4.0.0" name="BalkanTV Client" provider-name="Dzon Dzoe">
    <extension point="xbmc.python.pluginsource" library="balkan.py">
        <provides>video</provides>
    </extension>
    <extension point="xbmc.addon.metadata">
        <summary>BalkanTV Client By Dzon Dzoe</summary>
        <description lang="en">BalkanTV Client By Dzon Dzoe</description>
        <platform>all</platform>
        <language>en</language>
        <license>GPLv2</license>
		<assets>
        <icon>logo.png</icon>
        </assets>
    </extension>
</addon>
